Jiye Yu <jiye.yu@ntt.com>
Jiye Yu <troyspur@gmail.com>
JiyeYu <jiye.yu@ntt.com>
JiyeYu <troyspur@gmail.com>
Kazunari Kamata <kazunari.kamata@ntt.com>
Kazunori Yoshihara <30496953+kazyshr@users.noreply.github.com>
Keiichi Hikita <keiichi.hikita@gmail.com>
Keiichi Hikita <keiichi.hikita@ntt.com>
Keiichi Hikita <keiichi.hikita@w.ntt.com>
Manabu Miwa <manabumiwa_info@icloud.com>
NaoShark <49853899+NaoShark@users.noreply.github.com>
NaoShark <n.sameshima@ntt.com>
Takuma Watanabe <takuma.watanabe@ntt.com>
Xinni Ge <xinni.ge@ntt.com>
Yasushi Sasaki <yss.sasaki@ntt.com>
Yoshiki Kashiwabara <91601085+KashiwabaraY@users.noreply.github.com>
a-oi-xon <91597807+a-oi-xon@users.noreply.github.com>
akaishizawa-n <135296314+akaishizawa-n@users.noreply.github.com>
endoshi <42924605+endoshi@users.noreply.github.com>
htysh <h.ohta@ntt.com>
htysh <htysh@users.noreply.github.com>
ikegami-shota <102566991+ikegami-shota@users.noreply.github.com>
ikegami.shota <shota.ikegami@ntt.com>
kaz_shinohara <ksnhr.tech@gmail.com>
kazyshr <30496953+kazyshr@users.noreply.github.com>
kazyshr <kazyshr0301@gmail.com>
oizaki.atsushi <atsushi.oizaki@ntt.com>
sendo <shizuka.endo@w.ntt.com>
shimisho <45929740+shimisho@users.noreply.github.com>
shimisho <shota.shimizu.nttcom@gmail.com>
shiso <nooba704@gmail.com>
sugimo-s <91592177+sugimo-s@users.noreply.github.com>
t-wata <takuma.watanabe@ntt.com>
xinni-ge <xinni.ge@ntt.com>
yamashita-hiroto <78839853+yamashita-hiroto@users.noreply.github.com>
yamazaki-x <91593437+yamazaki-x@users.noreply.github.com>
yamazaki.tomoka <tomoka.yamazaki@w.ntt.com>
ysssasaki <64194789+ysssasaki@users.noreply.github.com>
ysssasaki <yss.sasaki@w.ntt.com>
清水翔太 <shota.shimizu.nttcom@gmail.com>
